trail_name,trail_type,distance,high_point(feet),elevation,difficulty,seasons,family_friendly,backpackable,crowded
Ainsworth Loop Hike,loop,0.5,150,85,Easy,All year,Yes,No,No
Angels Rest Hike,out-and-back,4.8,1640,1475,Moderate,All Season,Yes,No,Yes
Angels Rest-Devils Rest Loop Hike,loop,10.8,2435,3040,Moderate,All Season,Yes,No,Yes
Balfour-Klickitat Loop Hike,loop,0.7,220,115,Easy,All year,Yes,No,No
Beacon Rock Hike,out-and-back,1.8,848,680,Moderate,"Year round, except during ice storms",Yes,No,Yes
Bear Lake Hike,out-and-back,2.6,4100,480,Easy,Summer/Fall,Yes,Yes,No
Bridal Veil Falls Hike,out-and-back,1.4,230,205,Easy,All year,Yes,No,Yes
Buck Creek on Larch Mountain Hike,out-and-back,1.8,1680,310,Easy,"All year, except during winter snows",Yes,No,No
Buck Point Hike,out-and-back,1.8,710,600,Easy,Year-round,Yes,No,No
Camp Benson Falls Hike,out-and-back,4.9,460,430,Easy,All year,Yes,No,No
Cape Horn Overlooks Hike,out-and-back,8.6,1300,1795,Moderate,All year,Yes,No,Yes
Cascade Locks West Loop Hike,loop,3.0,280,100,Easy,Year round,Yes,No,No
Catherine Creek Arch Loop Hike,loop,3.4,615,500,Easy,"Year round, best Mar-May",Yes,No,Yes
Catherine Creek Universal Access Hike,loop,1.2,265,90,Easy,All year,Yes,No,Yes
Catherine Creek West Loop Hike,loop,3.4,1310,1040,Easy,Year round,Yes,No,Yes
Catherine Creek-Rowland Basin Loop Hike,loop,4.9,1300,1320,Moderate,All year: best time is spring,"Yes, for older children",No,On Sunflower Hill
Chenoweth Tableland Loop Hike,loop,3.5,775,620,Easy,All year,Yes,No,No
Chinidere Mountain Loop Hike,loop,4.4,4673,1140,Moderate,Early Summer through Fall,Yes,"Yes - connects to Gorge trail network, camping at ",Peak summer weekends
Columbia Gorge Traverse Hike,point-to-point,34.7,1855,4725,Moderate (in sections),All year,"Yes, in short sections",Yes,No
Coyote Wall Hike,loop,7.8,1895,1775,Moderate,Year round,"Yes, but take care at the cliffs",No,Yes
Dalles Mountain Ranch Loop Hike,loop,6.9,1310,1060,Moderate,Year-round,Yes,No,Yes
Duncan Creek Hike,out-and-back,4.3,2050,1100,Moderate,Spring through fall,"Yes, for older kids",No,No
Eagle Creek Overlook Hike,out-and-back,0.6,170,175,Easy,October 1st to May 30th,Yes,No,No
Eagle Creek to Punch Bowl Falls Hike,out-and-back,4.2,505,525,Easy,Year round,"Yes, for older kids",No,Yes
EasyCLIMB Loop Hike,loop,2.8,180,170,Easy,All year,Yes,No,No
Elowah Falls Loop Hike,loop,2.1,255,340,Easy,Year-round except during winter storms,Yes,No,"Yes, as far as the falls"
Fairy Falls Loop Hike,loop,3.4,1575,1495,Moderate,All year,Yes,No,Yes
Fort Cascades Loop Hike,loop,1.3,60,15,Easy,year-round,Yes,No,No
Fort Rains Hike,out-and-back,1.8,175,80,Easy,Year round,Yes,No,No
Gillette Lake Hike,out-and-back,5.6,435,650,Easy,Year round,Yes,No,Yes
Hamilton Creek Loop Hike,loop,2.3,75,20,Easy,All year,Yes,No,No
Herman Creek Hike,out-and-back,15.4,2925,2970,Difficult,All year,"Yes, for a shorter distance",Yes,On summer weekends
Herman Creek Pinnacles Hike,out-and-back,4.6,970,1305,Easy,All year,Yes,No,"Yes, on weekends"
Herman Creek-Wyeth Hike,out-and-back,10.8,960,2175,Moderate,Year-Round,Yes (as a car shuttle),No,No
Hood River Pipeline Hike,out-and-back,3.3,200,110,Easy,All year,Yes,No,On summer weekends
Hood River Waterfront Hike,out-and-back,6.4,95,15,Easy,All year,Yes,No,Yes
Horsetail Falls Loop Hike,loop,2.6,395,565,Easy,"All year, except during winter storms",Yes,No,Yes
Indian Creek Hike,out-and-back,3.2,480,250,Easy,All year,Yes,No,No
Klickitat Canyon Hike,out-and-back,6.8,645,100,Easy,All year,Yes,No,No
Klickitat Trail: Klickitat Mineral Springs Hike,out-and-back,5.2,545,50,Easy,All year,Yes,No,No
Klickitat Trail: Lyle to Klickitat Hike,point-to-point,13.0,465,340,Moderate,All year,Yes,No,No
Klickitat Trail: Swale Canyon Hike,point-to-point,15.0,1560,1010,Moderate,Fall through spring (closed in summer),Yes,No,No
Labyrinth Hike,out-and-back,3.6,1005,915,Easy,All year,Yes,No,Yes
Labyrinth-Coyote Wall Loop Hike,loop,7.3,1655,1790,Moderate,All year,"Yes, for older kids",No,Yes
Larch Mountain Crater Loop Hike,loop,6.3,4055,1310,Moderate,May - November,Yes,No,No
Latourell Falls Loop Hike,loop,2.4,620,625,Easy,Year round except during winter storms,Yes,No,Yes
Lewis and Clark Park Hike,out-and-back,3.0,160,100,Easy,Year-Round,Yes,No,Sometimes
Little Beacon Rock Loop Hike,loop,1.6,730,375,Easy,Year round,Yes,No,Yes
Lyle Cherry Orchard Hike,loop,6.5,1245,1340,Moderate,"All year, best in spring and fall","Yes, for older kids",No,On spring weekends
Maryhill Loops Hike,loop,5.9,1560,820,Moderate,Year round,Yes,No,No
McCall Point Hike,out-and-back,3.4,1722,1070,Moderate,March 1st to October 31st (closed in the wet season to prevent erosion),"Yes, for older kids",No,Yes
Memaloose Hills Hike,out-and-back,3.2,957,550,Easy,All year,Yes,No,No
Mosier Plateau Hike,out-and-back,3.5,620,760,Easy,All year,Yes,No,Yes
Mosier Twin Tunnels Hike,point-to-point,8.5,530,1000,Moderate,Year round,Yes,No,Yes
Mount Defiance from Wahtum Lake Road Hike,out-and-back,3.2,4959,1145,Easy,May-Nov,Yes,No,No
Mud Lake Hike,out-and-back,7.4,4480,1400,Moderate,Summer into Fall,Yes,es,No
Multnomah Falls Hike,out-and-back,2.4,895,870,Moderate,Year-round,Yes,No,Very
Multnomah-Wahkeena Loop Hike,loop,4.9,1560,1600,Moderate,Year round (occasional snow/ice in winter),Yes,No,Yes
Nellie Corser Loop Hike,loop,0.8,1215,275,Easy,Spring through fall,Yes,No,No
Nick Eaton Falls Hike,out-and-back,4.2,1020,970,Easy,All year,Yes,No,Yes
Pepper Mountain Hike,out-and-back,2.6,2149,700,Easy,Spring to late fall,Yes,No,No
Ponytail Falls Hike,out-and-back,0.8,350,320,Easy,Year-round except during winter storms,Yes,No,Yes
Pool of the Winds Hike,out-and-back,2.2,1035,700,Easy,Year round,Yes,No,Yes
Punchbowl Falls Park Hike,out-and-back,2.1,910,210,Easy,All year,Yes,No,On summer weekends
Rainy Lake Loop Hike,loop,3.2,4736,755,Easy,Summer through fall,Yes,No,No
River to Rock Loop Hike,loop,3.1,285,270,Easy,All year,Yes,No,No
Rooster Rock Loop Hike,loop,2.7,210,240,Easy,Year round,Yes,No,No
Rooster Rock Wagon Road Hike,out-and-back,4.8,845,910,Easy,All year,Yes,No,No
Rowena Plateau Hike,loop,2.2,710,240,Easy,Year round,Yes,No,Yes
Ruckel Ridge Loop Hike,loop,9.0,3700,3700,Difficult,May-October,Yes,No,No
Sams Walker Loop Hike,loop,1.1,45,15,Easy,All year,Yes,No,No
Sandy River Delta Loop Hike,loop,4.4,35,40,Easy,Year round,Yes,No,Yes
Shady Glen Loop Hike,loop,0.6,105,55,Easy,All year,Yes,No,No
She Who Watches Hike,out-and-back,0.6,240,45,Easy,Year round,Yes,No,Group tour
Shepperds Dell Hike,out-and-back,0.2,155,45,Easy,All,Yes,No,No
Sherrard Point Hike,out-and-back,0.6,4055,170,Easy,Apr-Oct,Yes,No,Yes
Skamania Lodge Loop Hike,loop,3.3,405,310,Easy,All year,Yes,No,No
Sorosis Park Loop Hike,loop,1.5,745,160,Easy,All year,Yes,No,No
Spearfish Lake Loop Hike,loop,2.2,225,45,Easy,Year round,Yes,No,Sometimes
St. Cloud Loop Hike,loop,1.0,50,25,Easy,All year,Yes,No,No
Starvation Creek Waterfalls Hike,out-and-back,4.3,285,145,Easy,All year,Yes,No,Yes
Strawberry Island Loop Hike,loop,3.2,165,150,Easy,All year,Yes,No,No
Tanner Creek to Eagle Creek Loop Hike,loop,5.0,605,835,Moderate,Year-round except during winter storms,"Yes, for older kids",No,No
The Dalles Riverfront Hike,out-and-back,6.6,210,100,Easy,All year,Yes,No,No
Tomlike Mountain Hike,loop,6.8,4555,1565,Moderate,Summer into Fall,"Yes, for older kids",No,No
Tracy Hill Loop Hike,loop,6.1,1840,1715,Moderate,Year round; spring is best,Yes,No,No
Triple Falls Hike,out-and-back,3.6,650,680,Moderate,Year round except during winter storms,Yes: but there are steep drop-offs,No,Yes
Upper McCord Creek Falls Hike,out-and-back,1.9,540,445,Easy,Year-round except during winter storms,Yes,No,Yes
Viento State Park Hike,out-and-back,5.8,325,490,Moderate,All year,Yes,No,Yes
Wahclella Falls Hike,out-and-back,2.4,335,320,Easy,Year round,Yes,No,Yes
Wahkeena Falls Hike,out-and-back,2.8,645,565,Moderate,All year,Yes,No,Yes
Warren Lake to Mount Defiance Hike,loop,4.7,4959,1340,Moderate,Summer into fall,"Yes, for older kids",Yes,No
Wauna Viewpoint from Eagle Creek Hike,out-and-back,3.4,1080,1030,Moderate,Year round,Yes,No,No
Wind Mountain Hike,out-and-back,2.9,1907,1185,Moderate,Year round,Yes,No,No
Young Creek Bottomland Hike,out-and-back,4.3,45,40,Easy,Summer through falll,Yes,No,No
